{
    "chinese-to-emoji": {
        "gpt": 0.0009818360333824251,
        "algo": 0.0009818360333824251,
        "together": 0.00015341188021600392
    },
    "emoji-to-chinese": {
        "gpt": 0.0007363770250368188,
        "algo": 0.038736499754540986,
        "together": 0.0197364383897889
    }
}