{
    "chinese-to-emoji": {
        "gpt": 0.012272950417280312,
        "algo": 0.0012272950417280314,
        "together": 0.00030682376043200785
    },
    "emoji-to-chinese": {
        "gpt": 0.0,
        "algo": 0.006136475208640158,
        "together": 0.003068237604320079
    }
}