{
    "chinese-to-emoji": {
        "gpt": 0.007222222222222222,
        "algo": 0.0022222222222222222,
        "together": 0.0003472222222222222
    },
    "emoji-to-chinese": {
        "gpt": 0.0005555555555555556,
        "algo": 0.033888888888888885,
        "together": 0.01722222222222222
    }
}