{
    "chinese-to-emoji": {
        "gpt": 0.007222222222222222,
        "algo": 0.0022222222222222222,
        "together": 0.0003472222222222222
    },
    "emoji-to-chinese": {
        "gpt": 0.0022222222222222222,
        "algo": 0.01878472222222222,
        "together": 0.010503472222222221
    }
}