{
    "chinese-to-emoji": {
        "gpt": 0.005555555555555556,
        "algo": 0.005416666666666667,
        "together": 0.0003472222222222222
    },
    "emoji-to-chinese": {
        "gpt": 0.0022222222222222222,
        "algo": 0.020555555555555553,
        "together": 0.011388888888888888
    }
}