{
    "chinese-to-emoji": {
        "gpt": 0.0004755768286696121,
        "algo": 0.0010517564480193346,
        "together": 0.0009865563989275331
    },
    "emoji-to-chinese": {
        "gpt": 0.0004909180166912126,
        "algo": 0.007793323514973,
        "together": 0.004142120765832106
    }
}