{
    "chinese-to-emoji": {
        "gpt": 0.00194833087874325,
        "algo": 0.0008629418262150221,
        "together": 0.0007977417771232205
    },
    "emoji-to-chinese": {
        "gpt": 0.0002301178203240059,
        "algo": 0.0,
        "together": 0.00011505891016200294
    }
}