{
    "chinese-to-emoji": {
        "gpt": 0.0004755768286696121,
        "algo": 0.0002301178203240059,
        "together": 0.00039273441335297007
    },
    "emoji-to-chinese": {
        "gpt": 0.0002454590083456063,
        "algo": 0.0009818360333824251,
        "together": 0.0006136475208640157
    }
}