{
    "chinese-to-emoji": {
        "gpt": 0.008584188207810674,
        "algo": 0.0011168649382966838,
        "together": 0.0007089587315514055
    },
    "emoji-to-chinese": {
        "gpt": 0.0,
        "algo": 0.0,
        "together": 0.0
    }
}