{
    "chinese-to-emoji": {
        "gpt": 0.0,
        "algo": 0.0,
        "together": 0.0
    },
    "emoji-to-chinese": {
        "gpt": 0.0009818360333824251,
        "algo": 0.0009251916468411313,
        "together": 0.0009535138401117782
    }
}